ã‚¢ã‚¤ã‚³ãƒ³	åç§°	Name	ãƒ‰ãƒ¡ã‚¤ãƒ³	å…¬å¼	æ¤œç´¢	ãƒ­ã‚°ã‚¤ãƒ³	åœ°å›³	ç¿»è¨³
ğŸŒ	å…¨ä¸–ç•Œ	World	Google.com	â—‹	â—‹	â—‹	â—‹	â—‹
ğŸ‡ªğŸ‡¸	ã‚«ã‚¿ãƒ«ãƒ¼ãƒ‹ãƒ£å·	Catalonia	Google.cat	â—‹	â—‹	â—‹	â—‹	â—‹
ğŸ‡³ğŸ‡±	ãƒ•ãƒªãƒ¼ã‚¹ãƒ©ãƒ³ãƒˆå·	Friesland	Google.frl	Ã—	â–³ è»¢é€ (google.nl)	Ã—	â—‹ maps.*ä½¿ç”¨ä¸å¯	Ã—
ğŸ‡¦ğŸ‡¨	ã‚¢ã‚»ãƒ³ã‚·ãƒ§ãƒ³å³¶ (è‹±)	Ascension Island	Google.ac	Ã—	â—‹	Ã—	â—‹ maps.*ä½¿ç”¨ä¸å¯	â—‹
ğŸ‡¦ğŸ‡©	ã‚¢ãƒ³ãƒ‰ãƒ©	Andorra	Google.ad	â—‹	â—‹	â—‹	â—‹	â—‹
ğŸ‡¦ğŸ‡ª	ã‚¢ãƒ©ãƒ–é¦–é•·å›½é€£é‚¦	United Arab Emirates	Google.ae	â—‹	â—‹	â—‹	â—‹	â—‹
ğŸ‡¦ğŸ‡«	ã‚¢ãƒ•ã‚¬ãƒ‹ã‚¹ã‚¿ãƒ³	Afghanistan	Google.com.af	â—‹	â—‹	â—‹	â—‹ maps.*ä½¿ç”¨ä¸å¯	â—‹
ğŸ‡¦ğŸ‡«	ã‚¢ãƒ•ã‚¬ãƒ‹ã‚¹ã‚¿ãƒ³	Afghanistan	Google.af	Ã—	â–³ è»¢é€ (google.com.af)	Ã—	â—‹ maps.*ä½¿ç”¨ä¸å¯	â—‹
ğŸ‡¦ğŸ‡¬	ã‚¢ãƒ³ãƒ†ã‚£ã‚°ã‚¢ãƒ»ãƒãƒ¼ãƒ–ãƒ¼ãƒ€	Antigua & Barbuda	Google.com.ag	â—‹	â—‹	â—‹	â—‹	â—‹
ğŸ‡¦ğŸ‡¬	ã‚¢ãƒ³ãƒ†ã‚£ã‚°ã‚¢ãƒ»ãƒãƒ¼ãƒ–ãƒ¼ãƒ€	Antigua & Barbuda	Google.ag	Ã—	â–³ è»¢é€ (google.com.ag)	Ã—	â—‹ maps.*ä½¿ç”¨ä¸å¯	Ã—
ğŸ‡¦ğŸ‡®	ã‚¢ãƒ³ã‚®ãƒ© (è‹±)	Anguilla	Google.com.ai	â—‹	â—‹	â—‹	â—‹	â—‹
ğŸ‡¦ğŸ‡®	ã‚¢ãƒ³ã‚®ãƒ© (è‹±)	Anguilla	Google.off.ai	Ã—	â–³ è»¢é€ (google.com)	Ã—	â—‹ maps.*ä½¿ç”¨ä¸å¯	â—‹
ğŸ‡¦ğŸ‡±	ã‚¢ãƒ«ãƒãƒ‹ã‚¢	Albania	Google.al	â—‹	â—‹	â—‹	â—‹ maps.*ä½¿ç”¨ä¸å¯	â—‹
ğŸ‡¦ğŸ‡²	ã‚¢ãƒ«ãƒ¡ãƒ‹ã‚¢	Armenia	Google.am	â—‹	â—‹	â—‹	â—‹ maps.*ä½¿ç”¨ä¸å¯	â—‹
ğŸ‡¦ğŸ‡´	ã‚¢ãƒ³ã‚´ãƒ©	Angola	Google.co.ao	â—‹	â—‹	â—‹	â—‹	â—‹
ğŸ‡¦ğŸ‡´	ã‚¢ãƒ³ã‚´ãƒ©	Angola	Google.it.ao	Ã—	â–³ è»¢é€ (google.co.ao)	Ã—	â—‹	â—‹
ğŸ‡¦ğŸ‡¶	å—æ¥µ	Antarctica	Google.com.aq	Ã—	â–³ è»¢é€ (google.com),searchä¸å¯,webhpä¸å¯	Ã—	Ã—	Ã—
ğŸ‡¦ğŸ‡·	ã‚¢ãƒ«ã‚¼ãƒ³ãƒãƒ³	Argentina	Google.com.ar	â—‹	â—‹	â—‹	â—‹	â—‹
ğŸ‡¦ğŸ‡¸	ç±³é ˜ã‚µãƒ¢ã‚¢	American Samoa	Google.as	â—‹	â—‹	â—‹	â—‹	â—‹
ğŸ‡¦ğŸ‡¹	ã‚ªãƒ¼ã‚¹ãƒˆãƒªã‚¢	Austria	Google.at	â—‹	â—‹	â—‹	â—‹	â—‹
ğŸ‡¦ğŸ‡º	ã‚ªãƒ¼ã‚¹ãƒˆãƒ©ãƒªã‚¢	Australia	Google.com.au	â—‹	â—‹	â—‹	â—‹	â—‹
ğŸ‡¦ğŸ‡¿	ã‚¢ã‚¼ãƒ«ãƒã‚¤ã‚¸ãƒ£ãƒ³	Azerbaijan	Google.az	â—‹	â—‹	â—‹	â—‹ maps.*ä½¿ç”¨ä¸å¯	â—‹
ğŸ‡§ğŸ‡¦	ãƒœã‚¹ãƒ‹ã‚¢ãƒ»ãƒ˜ãƒ«ãƒ„ã‚§ã‚´ãƒ“ãƒŠ	Bosnia & Herzegovina	Google.ba	â—‹	â—‹	â—‹	â—‹	â—‹
ğŸ‡§ğŸ‡©	ãƒãƒ³ã‚°ãƒ©ãƒ‡ã‚·ãƒ¥	Bangladesh	Google.com.bd	â—‹	â—‹	â—‹	â—‹	â—‹
ğŸ‡§ğŸ‡ª	ãƒ™ãƒ«ã‚®ãƒ¼	Belgium	Google.be	â—‹	â—‹	â—‹	â—‹	â—‹
ğŸ‡§ğŸ‡«	ãƒ–ãƒ«ã‚­ãƒŠãƒ•ã‚¡ã‚½	Burkina Faso	Google.bf	â—‹	â—‹	â—‹	â—‹	â—‹
ğŸ‡§ğŸ‡¬	ãƒ–ãƒ«ã‚¬ãƒªã‚¢	Bulgaria	Google.bg	â—‹	â—‹	â—‹	â—‹	â—‹
ğŸ‡§ğŸ‡­	ãƒãƒ¼ãƒ¬ãƒ¼ãƒ³	Bahrain	Google.com.bh	â—‹	â—‹	â—‹	â—‹	â—‹
ğŸ‡§ğŸ‡®	ãƒ–ãƒ«ãƒ³ã‚¸	Burundi	Google.bi	â—‹	â—‹	â—‹	â—‹	â—‹
ğŸ‡§ğŸ‡®	ãƒ–ãƒ«ãƒ³ã‚¸	Burundi	Google.com.bi	Ã—	â–³ è»¢é€ (google.bi),searchä¸å¯,webhpä¸å¯	Ã—	Ã—	Ã—
ğŸ‡§ğŸ‡¯	ãƒ™ãƒŠãƒ³	Benin	Google.bj	â—‹	â—‹	â—‹	â—‹	â—‹
ğŸ‡§ğŸ‡³	ãƒ–ãƒ«ãƒã‚¤ãƒ»ãƒ€ãƒ«ã‚µãƒ©ãƒ¼ãƒ 	Brunei	Google.com.bn	â—‹	â—‹	â—‹	â—‹	â—‹
ğŸ‡§ğŸ‡´	ãƒœãƒªãƒ“ã‚¢	Bolivia	Google.com.bo	â—‹	â—‹	â—‹	â—‹	â—‹
ğŸ‡§ğŸ‡´	ãƒœãƒªãƒ“ã‚¢	Bolivia	Google.bo	Ã—	â–³ è»¢é€ (google.com.bo),searchä¸å¯,webhpä¸å¯	Ã—	Ã—	Ã—
ğŸ‡§ğŸ‡·	ãƒ–ãƒ©ã‚¸ãƒ«	Brazil	Google.com.br	â—‹	â—‹	â—‹	â—‹	â—‹
ğŸ‡§ğŸ‡¸	ãƒãƒãƒ	Bahamas	Google.bs	â—‹	â—‹	â—‹	â—‹	â—‹
ğŸ‡§ğŸ‡¹	ãƒ–ãƒ¼ã‚¿ãƒ³	Bhutan	Google.bt	â—‹	â—‹	â—‹	â—‹	â—‹
ğŸ‡§ğŸ‡¼	ãƒœãƒ„ãƒ¯ãƒŠ	Botswana	Google.co.bw	â—‹	â—‹	â—‹	â—‹	â—‹
ğŸ‡§ğŸ‡¾	ãƒ™ãƒ©ãƒ«ãƒ¼ã‚·	Belarus	Google.by	â—‹	â—‹	â—‹	â—‹	â—‹
ğŸ‡§ğŸ‡¿	ãƒ™ãƒªãƒ¼ã‚º	Belize	Google.com.bz	â—‹	â—‹	â—‹	â—‹	â—‹
ğŸ‡¨ğŸ‡¦	ã‚«ãƒŠãƒ€	Canada	Google.ca	â—‹	â—‹	â—‹	â—‹	â—‹
ğŸ‡¨ğŸ‡¨	ã‚³ã‚³ã‚¹ (ã‚­ãƒ¼ãƒªãƒ³ã‚°) è«¸å³¶ (è±ª)	Cocos (Keeling) Islands	Google.cc	Ã—	â—‹	Ã—	â—‹ maps.*ä½¿ç”¨ä¸å¯	â—‹
ğŸ‡¨ğŸ‡©	ã‚³ãƒ³ã‚´æ°‘ä¸»å…±å’Œå›½	Congo Ã— Kinshasa	Google.cd	â—‹	â—‹	â—‹	â—‹	â—‹
ğŸ‡¨ğŸ‡«	ä¸­å¤®ã‚¢ãƒ•ãƒªã‚«	Central African Republic	Google.cf	â—‹	â—‹	â—‹	â—‹	â—‹
ğŸ‡¨ğŸ‡¬	ã‚³ãƒ³ã‚´å…±å’Œå›½	Congo Ã— Brazzaville	Google.cg	â—‹	â—‹	â—‹	â—‹	â—‹
ğŸ‡¨ğŸ‡­	ã‚¹ã‚¤ã‚¹	Switzerland	Google.ch	â—‹	â—‹	â—‹	â—‹	â—‹
ğŸ‡¨ğŸ‡®	ã‚³ãƒ¼ãƒˆã‚¸ãƒœãƒ¯ãƒ¼ãƒ«	CÃ´te dâ€™Ivoire	Google.ci	â—‹	â—‹	â—‹	â—‹	â—‹
ğŸ‡¨ğŸ‡°	ã‚¯ãƒƒã‚¯è«¸å³¶	Cook Islands	Google.co.ck	â—‹	â—‹	â—‹	â—‹	â—‹
ğŸ‡¨ğŸ‡±	ãƒãƒª	Chile	Google.cl	â—‹	â—‹	â—‹	â—‹	â—‹
ğŸ‡¨ğŸ‡²	ã‚«ãƒ¡ãƒ«ãƒ¼ãƒ³	Cameroon	Google.cm	â—‹	â—‹	â—‹	â—‹	â—‹
ğŸ‡¨ğŸ‡³	ä¸­å›½	China	Google.cn	â—‹	â–³ ãƒªãƒ³ã‚¯ (google.com.hk)	Ã—	â—‹	â—‹
ğŸ‡¨ğŸ‡³	ä¸­å›½	China	Google.com.cn	Ã—	â–³ ãƒªãƒ³ã‚¯ (google.com.hk)	Ã—	Ã—	Ã—
ğŸ‡¨ğŸ‡´	ã‚³ãƒ­ãƒ³ãƒ“ã‚¢	Colombia	Google.com.co	â—‹	â—‹	â—‹	â—‹	â—‹
ğŸ‡¨ğŸ‡´	ã‚³ãƒ­ãƒ³ãƒ“ã‚¢	Colombia	Google.co	Ã—	â–³ è»¢é€ (google.co),searchä¸å¯,webhpä¸å¯	Ã—	Ã—	Ã—
ğŸ‡¨ğŸ‡·	ã‚³ã‚¹ã‚¿ãƒªã‚«	Costa Rica	Google.co.cr	â—‹	â—‹	â—‹	â—‹	â—‹
ğŸ‡¨ğŸ‡º	ã‚­ãƒ¥ãƒ¼ãƒ	Cuba	Google.com.cu	â—‹	â—‹	â—‹	â—‹	â—‹
ğŸ‡¨ğŸ‡»	ã‚«ãƒ¼ãƒœãƒ´ã‚§ãƒ«ãƒ‡	Cape Verde	Google.cv	â—‹	â—‹	â—‹	â—‹	â—‹
ğŸ‡¨ğŸ‡¾	ã‚­ãƒ—ãƒ­ã‚¹	Cyprus	Google.com.cy	â—‹	â—‹	â—‹	â—‹ maps.*ä½¿ç”¨ä¸å¯	â—‹
ğŸ‡¨ğŸ‡¿	ãƒã‚§ã‚³	Czechia	Google.cz	â—‹	â—‹	â—‹	â—‹	â—‹
ğŸ‡©ğŸ‡ª	ãƒ‰ã‚¤ãƒ„	Germany	Google.de	â—‹	â—‹	â—‹	â—‹	â—‹
ğŸ‡©ğŸ‡¯	ã‚¸ãƒ–ãƒ	Djibouti	Google.dj	â—‹	â—‹	â—‹	â—‹	â—‹
ğŸ‡©ğŸ‡°	ãƒ‡ãƒ³ãƒãƒ¼ã‚¯	Denmark	Google.dk	â—‹	â—‹	â—‹	â—‹	â—‹
ğŸ‡©ğŸ‡²	ãƒ‰ãƒŸãƒ‹ã‚«å›½	Dominica	Google.dm	â—‹	â—‹	â—‹	â—‹	â—‹
ğŸ‡©ğŸ‡´	ãƒ‰ãƒŸãƒ‹ã‚«å…±å’Œå›½	Dominican Republic	Google.com.do	â—‹	â—‹	â—‹	â—‹	â—‹
ğŸ‡©ğŸ‡¿	ã‚¢ãƒ«ã‚¸ã‚§ãƒªã‚¢	Algeria	Google.dz	â—‹	â—‹	â—‹	â—‹	â—‹
ğŸ‡ªğŸ‡¨	ã‚¨ã‚¯ã‚¢ãƒ‰ãƒ«	Ecuador	Google.com.ec	â—‹	â—‹	â—‹	â—‹	â—‹
ğŸ‡ªğŸ‡¨	ã‚¨ã‚¯ã‚¢ãƒ‰ãƒ«	Ecuador	Google.ec	Ã—	â–³ è»¢é€ (google.ec)	Ã—	â—‹ maps.*ä½¿ç”¨ä¸å¯	â—‹
ğŸ‡ªğŸ‡ª	ã‚¨ã‚¹ãƒˆãƒ‹ã‚¢	Estonia	Google.ee	â—‹	â—‹	â—‹	â—‹	â—‹
ğŸ‡ªğŸ‡¬	ã‚¨ã‚¸ãƒ—ãƒˆ	Egypt	Google.com.eg	â—‹	â—‹	â—‹	â—‹	â—‹
ğŸ‡ªğŸ‡¸	ã‚¹ãƒšã‚¤ãƒ³	Spain	Google.es	â—‹	â—‹	â—‹	â—‹	â—‹
ğŸ‡ªğŸ‡¹	ã‚¨ãƒã‚ªãƒ”ã‚¢	Ethiopia	Google.com.et	â—‹	â—‹	â—‹	â—‹	â—‹
ğŸ‡ªğŸ‡º	æ¬§å·é€£åˆ	European Union	Google.eu	Ã—	â–³ è»¢é€ (google.co.uk)	Ã—	â—‹ maps.*ä½¿ç”¨ä¸å¯	Ã—
ğŸ‡«ğŸ‡®	ãƒ•ã‚£ãƒ³ãƒ©ãƒ³ãƒ‰	Finland	Google.fi	â—‹	â—‹	â—‹	â—‹	â—‹
ğŸ‡«ğŸ‡¯	ãƒ•ã‚£ã‚¸ãƒ¼	Fiji	Google.com.fj	â—‹	â—‹	â—‹	â—‹	â—‹
ğŸ‡«ğŸ‡²	ãƒŸã‚¯ãƒ­ãƒã‚·ã‚¢é€£é‚¦	Micronesia	Google.fm	â—‹	â—‹	â—‹	â—‹	â—‹
ğŸ‡«ğŸ‡·	ãƒ•ãƒ©ãƒ³ã‚¹	France	Google.fr	â—‹	â—‹	â—‹	â—‹	â—‹
ğŸ‡¬ğŸ‡¦	ã‚¬ãƒœãƒ³	Gabon	Google.ga	â—‹	â—‹	â—‹	â—‹	â—‹
ğŸ‡¬ğŸ‡ª	ã‚¸ãƒ§ãƒ¼ã‚¸ã‚¢	Georgia	Google.ge	â—‹	â—‹	â—‹	â—‹ maps.*ä½¿ç”¨ä¸å¯	â—‹
ğŸ‡¬ğŸ‡ª	ã‚¸ãƒ§ãƒ¼ã‚¸ã‚¢	Georgia	Google.com.ge	Ã—	â–³ è»¢é€ (google.com.ge)	Ã—	â—‹ maps.*ä½¿ç”¨ä¸å¯	Ã—
ğŸ‡¬ğŸ‡«	ä»é ˜ã‚®ã‚¢ãƒŠ	French Guiana	Google.gf	Ã—	â–³ è»¢é€ (google.com),searchä¸å¯,webhpä¸å¯,ãƒ‘ãƒ©ãƒ¡ã‚¿å‰Šé™¤	Ã—	Ã—	Ã—
ğŸ‡¬ğŸ‡¬	ã‚¬ãƒ¼ãƒ³ã‚¸ãƒ¼ (è‹±)	Guernsey	Google.gg	â—‹	â—‹	â—‹	â—‹	â—‹
ğŸ‡¬ğŸ‡­	ã‚¬ãƒ¼ãƒŠ	Ghana	Google.com.gh	â—‹	â—‹	â—‹	â—‹	â—‹
ğŸ‡¬ğŸ‡®	ã‚¸ãƒ–ãƒ©ãƒ«ã‚¿ãƒ« (è‹±)	Gibraltar	Google.com.gi	â—‹	â—‹	â—‹	â—‹	â—‹
ğŸ‡¬ğŸ‡±	ã‚°ãƒªãƒ¼ãƒ³ãƒ©ãƒ³ãƒ‰ (ä¸)	Greenland	Google.gl	â—‹	â—‹	â—‹	â—‹	â—‹
ğŸ‡¬ğŸ‡²	ã‚¬ãƒ³ãƒ“ã‚¢	Gambia	Google.gm	â—‹	â—‹	â—‹	â—‹	â—‹
ğŸ‡¬ğŸ‡µ	ã‚°ã‚¢ãƒ‰ãƒ«ãƒ¼ãƒ— (ä»)	Guadeloupe	Google.gp	Ã—	â—‹	â—‹	â—‹	â—‹
ğŸ‡¬ğŸ‡µ	ã‚°ã‚¢ãƒ‰ãƒ«ãƒ¼ãƒ— (ä»)	Guadeloupe	Google.com.gp	Ã—	â–³ è»¢é€ (google.gp),searchä¸å¯,webhpä¸å¯	Ã—	Ã—	Ã—
ğŸ‡¬ğŸ‡·	ã‚®ãƒªã‚·ãƒ£	Greece	Google.gr	â—‹	â—‹	â—‹	â—‹	â—‹
ğŸ‡¬ğŸ‡·	ã‚®ãƒªã‚·ãƒ£	Greece	Google.com.gr	Ã—	â–³ è»¢é€ (google.gr)	Ã—	â—‹	â—‹
ğŸ‡¬ğŸ‡¹	ã‚°ã‚¢ãƒ†ãƒãƒ©	Guatemala	Google.com.gt	â—‹	â—‹	â—‹	â—‹	â—‹
ğŸ‡¬ğŸ‡¾	ã‚¬ã‚¤ã‚¢ãƒŠ	Guyana	Google.gy	â—‹	â—‹	â—‹	â—‹	â—‹
ğŸ‡¬ğŸ‡¾	ã‚¬ã‚¤ã‚¢ãƒŠ	Guyana	Google.com.gy	Ã—	â–³ è»¢é€ (google.gy),searchä¸å¯,webhpä¸å¯	Ã—	Ã—	Ã—
ğŸ‡¬ğŸ‡¾	ã‚¬ã‚¤ã‚¢ãƒŠ	Guyana	Google.co.gy	Ã—	â–³ è»¢é€ (google.gy),searchä¸å¯,webhpä¸å¯	Ã—	Ã—	Ã—
ğŸ‡­ğŸ‡°	é¦™æ¸¯	Hong Kong SAR China	Google.com.hk	â—‹	â—‹	â—‹	â—‹	â—‹
ğŸ‡­ğŸ‡°	é¦™æ¸¯	Hong Kong SAR China	Google.hk	Ã—	â–³ è»¢é€ (google.hk)	Ã—	â—‹	â—‹
ğŸ‡­ğŸ‡³	ãƒ›ãƒ³ã‚¸ãƒ¥ãƒ©ã‚¹	Honduras	Google.hn	â—‹	â—‹	â—‹	â—‹	â—‹
ğŸ‡­ğŸ‡·	ã‚¯ãƒ­ã‚¢ãƒã‚¢	Croatia	Google.hr	â—‹	â—‹	â—‹	â—‹	â—‹
ğŸ‡­ğŸ‡¹	ãƒã‚¤ãƒ	Haiti	Google.ht	â—‹	â—‹	â—‹	â—‹	â—‹
ğŸ‡­ğŸ‡¹	ãƒã‚¤ãƒ	Haiti	Google.com.ht	Ã—	â–³ è»¢é€ (google.ht),searchä¸å¯,webhpä¸å¯	Ã—	Ã—	Ã—
ğŸ‡­ğŸ‡º	ãƒãƒ³ã‚¬ãƒªãƒ¼	Hungary	Google.hu	â—‹	â—‹	â—‹	â—‹	â—‹
ğŸ‡­ğŸ‡º	ãƒãƒ³ã‚¬ãƒªãƒ¼	Hungary	Google.co.hu	Ã—	â–³ è»¢é€ (google.hu)	Ã—	â—‹	â—‹
ğŸ‡®ğŸ‡©	ã‚¤ãƒ³ãƒ‰ãƒã‚·ã‚¢	Indonesia	Google.co.id	â—‹	â—‹	â—‹	â—‹	â—‹
ğŸ‡®ğŸ‡ª	ã‚¢ã‚¤ãƒ«ãƒ©ãƒ³ãƒ‰	Ireland	Google.ie	â—‹	â—‹	â—‹	â—‹	â—‹
ğŸ‡®ğŸ‡±	ã‚¤ã‚¹ãƒ©ã‚¨ãƒ«	Israel	Google.co.il	â—‹	â—‹	â—‹	â—‹	â—‹
ğŸ‡®ğŸ‡²	ãƒãƒ³å³¶ (è‹±)	Isle of Man	Google.im	â—‹	â—‹	â—‹	â—‹	â—‹
ğŸ‡®ğŸ‡²	ãƒãƒ³å³¶ (è‹±)	Isle of Man	Google.co.im	Ã—	â–³ è»¢é€ (google.im)	Ã—	â—‹ maps.*ä½¿ç”¨ä¸å¯	â—‹
ğŸ‡®ğŸ‡³	ã‚¤ãƒ³ãƒ‰	India	Google.co.in	â—‹	â—‹	â—‹	â—‹	â—‹
ğŸ‡®ğŸ‡³	ã‚¤ãƒ³ãƒ‰	India	Google.in	Ã—	â–³ è»¢é€ (google.in),searchä¸å¯,webhpä¸å¯	Ã—	Ã—	Ã—
ğŸ‡®ğŸ‡¶	ã‚¤ãƒ©ã‚¯	Iraq	Google.iq	â—‹	â—‹	â—‹	â—‹	â—‹
ğŸ‡®ğŸ‡¶	ã‚¤ãƒ©ã‚¯	Iraq	Google.com.iq	Ã—	â—‹	Ã—	â—‹ maps.*ä½¿ç”¨ä¸å¯	â—‹
ğŸ‡®ğŸ‡¸	ã‚¢ã‚¤ã‚¹ãƒ©ãƒ³ãƒ‰	Iceland	Google.is	â—‹	â—‹	â—‹	â—‹	â—‹
ğŸ‡®ğŸ‡¹	ã‚¤ã‚¿ãƒªã‚¢	Italy	Google.it	â—‹	â—‹	â—‹	â—‹	â—‹
ğŸ‡¯ğŸ‡ª	ã‚¸ãƒ£ãƒ¼ã‚¸ãƒ¼ (è‹±)	Jersey	Google.je	â—‹	â—‹	Ã—	â—‹	â—‹
ğŸ‡¯ğŸ‡ª	ã‚¸ãƒ£ãƒ¼ã‚¸ãƒ¼ (è‹±)	Jersey	Google.co.je	Ã—	â–³ è»¢é€ (google.je)	Ã—	â—‹ maps.*ä½¿ç”¨ä¸å¯	â—‹
ğŸ‡¯ğŸ‡²	ã‚¸ãƒ£ãƒã‚¤ã‚«	Jamaica	Google.com.jm	â—‹	â—‹	â—‹	â—‹ maps.*ä½¿ç”¨ä¸å¯	â—‹
ğŸ‡¯ğŸ‡´	ãƒ¨ãƒ«ãƒ€ãƒ³	Jordan	Google.jo	â—‹	â—‹	â—‹	â—‹	â—‹
ğŸ‡¯ğŸ‡´	ãƒ¨ãƒ«ãƒ€ãƒ³	Jordan	Google.com.jo	Ã—	â–³ è»¢é€ (google.jo)	Ã—	â—‹ maps.*ä½¿ç”¨ä¸å¯	Ã—
ğŸ‡¯ğŸ‡µ	æ—¥æœ¬	Japan	Google.co.jp	â—‹	â—‹	â—‹	â—‹	â—‹
ğŸ‡¯ğŸ‡µ	æ—¥æœ¬	Japan	Google.jp	Ã—	â–³ è»¢é€ (google.co.jp)	Ã—	â—‹	Ã—
ğŸ‡¯ğŸ‡µ	æ—¥æœ¬	Japan	Google.ne.jp	Ã—	â–³ è»¢é€ (google.co.jp)	Ã—	â—‹	Ã—
ğŸ‡°ğŸ‡ª	ã‚±ãƒ‹ã‚¢	Kenya	Google.co.ke	â—‹	â—‹	â—‹	â—‹	â—‹
ğŸ‡°ğŸ‡¬	ã‚­ãƒ«ã‚®ã‚¹	Kyrgyzstan	Google.kg	â—‹	â—‹	â—‹	â—‹	â—‹
ğŸ‡°ğŸ‡­	ã‚«ãƒ³ãƒœã‚¸ã‚¢	Cambodia	Google.com.kh	â—‹	â—‹	â—‹	â—‹	â—‹
ğŸ‡°ğŸ‡®	ã‚­ãƒªãƒã‚¹	Kiribati	Google.ki	â—‹	â—‹	â—‹	â—‹	â—‹
ğŸ‡°ğŸ‡·	éŸ“å›½	South Korea	Google.co.kr	â—‹	â—‹	â—‹	â—‹	â—‹
ğŸ‡°ğŸ‡¼	ã‚¯ã‚¦ã‚§ãƒ¼ãƒˆ	Kuwait	Google.com.kw	â—‹	â—‹	â—‹	â—‹	â—‹
ğŸ‡°ğŸ‡¿	ã‚«ã‚¶ãƒ•ã‚¹ã‚¿ãƒ³	Kazakhstan	Google.kz	â—‹	â—‹	â—‹	â—‹	â—‹
ğŸ‡°ğŸ‡¿	ã‚«ã‚¶ãƒ•ã‚¹ã‚¿ãƒ³	Kazakhstan	Google.com.kz	Ã—	â–³ è»¢é€ (google.kz)	Ã—	â—‹ maps.*ä½¿ç”¨ä¸å¯	Ã—
ğŸ‡±ğŸ‡¦	ãƒ©ã‚ªã‚¹	Laos	Google.la	â—‹	â—‹	â—‹	â—‹	â—‹
ğŸ‡±ğŸ‡§	ãƒ¬ãƒãƒãƒ³	Lebanon	Google.com.lb	â—‹	â—‹	â—‹	â—‹	â—‹
ğŸ‡±ğŸ‡¨	ã‚»ãƒ³ãƒˆãƒ«ã‚·ã‚¢	St. Lucia	Google.co.lc	Ã—	â–³ è»¢é€ (google.com)	Ã—	Ã—	Ã—
ğŸ‡±ğŸ‡®	ãƒªãƒ’ãƒ†ãƒ³ã‚·ãƒ¥ã‚¿ã‚¤ãƒ³	Liechtenstein	Google.li	â—‹	â—‹	â—‹	â—‹	â—‹
ğŸ‡±ğŸ‡°	ã‚¹ãƒªãƒ©ãƒ³ã‚«	Sri Lanka	Google.lk	â—‹	â—‹	â—‹	â—‹	â—‹
ğŸ‡±ğŸ‡¸	ãƒ¬ã‚½ãƒˆ	Lesotho	Google.co.ls	â—‹	â—‹	â—‹	â—‹	â—‹
ğŸ‡±ğŸ‡¹	ãƒªãƒˆã‚¢ãƒ‹ã‚¢	Lithuania	Google.lt	â—‹	â—‹	â—‹	â—‹	â—‹
ğŸ‡±ğŸ‡º	ãƒ«ã‚¯ã‚»ãƒ³ãƒ–ãƒ«ã‚¯	Luxembourg	Google.lu	â—‹	â—‹	â—‹	â—‹	â—‹
ğŸ‡±ğŸ‡»	ãƒ©ãƒˆãƒ“ã‚¢	Latvia	Google.lv	â—‹	â—‹	â—‹	â—‹	â—‹
ğŸ‡±ğŸ‡¾	ãƒªãƒ“ã‚¢	Libya	Google.com.ly	â—‹	â—‹	â—‹	â—‹	â—‹
ğŸ‡²ğŸ‡¦	ãƒ¢ãƒ­ãƒƒã‚³	Morocco	Google.co.ma	â—‹	â—‹	â—‹	â—‹ maps.*ä½¿ç”¨ä¸å¯	â—‹
ğŸ‡²ğŸ‡¦	ãƒ¢ãƒ­ãƒƒã‚³	Morocco	Google.ma	Ã—	â–³ è»¢é€ (google.co.ma),searchä¸å¯,webhpä¸å¯	Ã—	Ã—	Ã—
ğŸ‡²ğŸ‡©	ãƒ¢ãƒ«ãƒ‰ãƒ	Moldova	Google.md	â—‹	â—‹	â—‹	â—‹ maps.*ä½¿ç”¨ä¸å¯	â—‹
ğŸ‡²ğŸ‡ª	ãƒ¢ãƒ³ãƒ†ãƒã‚°ãƒ­	Montenegro	Google.me	â—‹	â—‹	â—‹	â—‹ maps.*ä½¿ç”¨ä¸å¯	â—‹
ğŸ‡²ğŸ‡¬	ãƒãƒ€ã‚¬ã‚¹ã‚«ãƒ«	Madagascar	Google.mg	â—‹	â—‹	â—‹	â—‹	â—‹
ğŸ‡²ğŸ‡°	ãƒã‚±ãƒ‰ãƒ‹ã‚¢	North Macedonia	Google.mk	â—‹	â—‹	â—‹	â—‹	â—‹
ğŸ‡²ğŸ‡±	ãƒãƒª	Mali	Google.ml	â—‹	â—‹	â—‹	â—‹	â—‹
ğŸ‡²ğŸ‡²	ãƒŸãƒ£ãƒ³ãƒãƒ¼	Myanmar (Burma)	Google.com.mm	â—‹	â—‹	â—‹	â—‹	â—‹
ğŸ‡²ğŸ‡³	ãƒ¢ãƒ³ã‚´ãƒ«	Mongolia	Google.mn	â—‹	â—‹	â—‹	â—‹	â—‹
ğŸ‡²ğŸ‡¸	ãƒ¢ãƒ³ãƒˆã‚»ãƒ©ãƒˆ (è‹±)	Montserrat	Google.ms	â—‹	â—‹	â—‹	â—‹	â—‹
ğŸ‡²ğŸ‡¹	ãƒãƒ«ã‚¿	Malta	Google.com.mt	â—‹	â—‹	â—‹	â—‹	â—‹
ğŸ‡²ğŸ‡º	ãƒ¢ãƒ¼ãƒªã‚·ãƒ£ã‚¹	Mauritius	Google.mu	â—‹	â—‹	â—‹	â—‹	â—‹
ğŸ‡²ğŸ‡»	ãƒ¢ãƒ«ãƒ‡ã‚£ãƒ–	Maldives	Google.mv	â—‹	â—‹	â—‹	â—‹	â—‹
ğŸ‡²ğŸ‡¼	ãƒãƒ©ã‚¦ã‚¤	Malawi	Google.mw	â—‹	â—‹	â—‹	â—‹	â—‹
ğŸ‡²ğŸ‡½	ãƒ¡ã‚­ã‚·ã‚³	Mexico	Google.com.mx	â—‹	â—‹	â—‹	â—‹	â—‹
ğŸ‡²ğŸ‡½	ãƒ¡ã‚­ã‚·ã‚³	Mexico	Google.mx	Ã—	â–³ è»¢é€ (google.com.mx)	Ã—	â—‹ maps.*ä½¿ç”¨ä¸å¯	Ã—
ğŸ‡²ğŸ‡¾	ãƒãƒ¬ãƒ¼ã‚·ã‚¢	Malaysia	Google.com.my	â—‹	â—‹	â—‹	â—‹	â—‹
ğŸ‡²ğŸ‡¿	ãƒ¢ã‚¶ãƒ³ãƒ“ãƒ¼ã‚¯	Mozambique	Google.co.mz	â—‹	â—‹	â—‹	â—‹	â—‹
ğŸ‡³ğŸ‡¦	ãƒŠãƒŸãƒ“ã‚¢	Namibia	Google.com.na	â—‹	â—‹	â—‹	â—‹	â—‹
ğŸ‡³ğŸ‡ª	ãƒ‹ã‚¸ã‚§ãƒ¼ãƒ«	Niger	Google.ne	â—‹	â—‹	â—‹	â—‹	â—‹
ğŸ‡³ğŸ‡«	ãƒãƒ¼ãƒ•ã‚©ãƒ¼ã‚¯å³¶ (è±ª)	Norfolk Island	Google.com.nf	Ã—	â—‹	Ã—	â—‹ maps.*ä½¿ç”¨ä¸å¯	â—‹
ğŸ‡³ğŸ‡¬	ãƒŠã‚¤ã‚¸ã‚§ãƒªã‚¢	Nigeria	Google.com.ng	â—‹	â—‹	â—‹	â—‹	â—‹
ğŸ‡³ğŸ‡¬	ãƒŠã‚¤ã‚¸ã‚§ãƒªã‚¢	Nigeria	Google.ng	Ã—	â—‹	Ã—	â—‹	â—‹
ğŸ‡³ğŸ‡®	ãƒ‹ã‚«ãƒ©ã‚°ã‚¢	Nicaragua	Google.com.ni	â—‹	â—‹	â—‹	â—‹	â—‹
ğŸ‡³ğŸ‡±	ã‚ªãƒ©ãƒ³ãƒ€	Netherlands	Google.nl	â—‹	â—‹	â—‹	â—‹	â—‹
ğŸ‡³ğŸ‡´	ãƒãƒ«ã‚¦ã‚§ãƒ¼	Norway	Google.no	â—‹	â—‹	â—‹	â—‹	â—‹
ğŸ‡³ğŸ‡µ	ãƒãƒ‘ãƒ¼ãƒ«	Nepal	Google.com.np	â—‹	â—‹	â—‹	â—‹	â—‹
ğŸ‡³ğŸ‡·	ãƒŠã‚¦ãƒ«	Nauru	Google.nr	â—‹	â—‹	â—‹	â—‹	â—‹
ğŸ‡³ğŸ‡·	ãƒŠã‚¦ãƒ«	Nauru	Google.com.nr	Ã—	â–³ è»¢é€ (google.nr)	Ã—	â—‹ maps.*ä½¿ç”¨ä¸å¯	Ã—
ğŸ‡³ğŸ‡º	ãƒ‹ã‚¦ã‚¨	Niue	Google.nu	â—‹	â—‹	â—‹	â—‹	â—‹
ğŸ‡³ğŸ‡¿	ãƒ‹ãƒ¥ãƒ¼ã‚¸ãƒ¼ãƒ©ãƒ³ãƒ‰	New Zealand	Google.co.nz	â—‹	â—‹	â—‹	â—‹	â—‹
ğŸ‡´ğŸ‡²	ã‚ªãƒãƒ¼ãƒ³	Oman	Google.com.om	â—‹	â—‹	â—‹	â—‹	â—‹
ğŸ‡µğŸ‡¦	ãƒ‘ãƒŠãƒ	Panama	Google.com.pa	â—‹	â—‹	â—‹	â—‹	â—‹
ğŸ‡µğŸ‡ª	ãƒšãƒ«ãƒ¼	Peru	Google.com.pe	â—‹	â—‹	â—‹	â—‹	â—‹
ğŸ‡µğŸ‡«	ä»é ˜ãƒãƒªãƒã‚·ã‚¢	French Polynesia	Google.pf	Ã—	â–³ è»¢é€ (google.com)	Ã—	â—‹ maps.*ä½¿ç”¨ä¸å¯	Ã—
ğŸ‡µğŸ‡¬	ãƒ‘ãƒ—ã‚¢ãƒ‹ãƒ¥ãƒ¼ã‚®ãƒ‹ã‚¢	Papua New Guinea	Google.com.pg	â—‹	â—‹	â—‹	â—‹	â—‹
ğŸ‡µğŸ‡­	ãƒ•ã‚£ãƒªãƒ”ãƒ³	Philippines	Google.com.ph	â—‹	â—‹	â—‹	â—‹	â—‹
ğŸ‡µğŸ‡°	ãƒ‘ã‚­ã‚¹ã‚¿ãƒ³	Pakistan	Google.com.pk	â—‹	â—‹	â—‹	â—‹ maps.*ä½¿ç”¨ä¸å¯	â—‹
ğŸ‡µğŸ‡°	ãƒ‘ã‚­ã‚¹ã‚¿ãƒ³	Pakistan	Google.pk	Ã—	â–³ è»¢é€ (google.com.pk)	Ã—	â—‹ maps.*ä½¿ç”¨ä¸å¯	Ã—
ğŸ‡µğŸ‡±	ãƒãƒ¼ãƒ©ãƒ³ãƒ‰	Poland	Google.pl	â—‹	â—‹	â—‹	â—‹	â—‹
ğŸ‡µğŸ‡±	ãƒãƒ¼ãƒ©ãƒ³ãƒ‰	Poland	Google.com.pl	Ã—	â–³ è»¢é€ (google.pl)	Ã—	â—‹	â—‹
ğŸ‡µğŸ‡³	ãƒ”ãƒˆã‚±ã‚¢ãƒ³è«¸å³¶ (è‹±)	Pitcairn Islands	Google.pn	â—‹	â—‹	â—‹	â—‹	â—‹
ğŸ‡µğŸ‡·	ãƒ—ã‚¨ãƒ«ãƒˆãƒªã‚³ (ç±³)	Puerto Rico	Google.com.pr	â—‹	â—‹	â—‹	â—‹	â—‹
ğŸ‡µğŸ‡¸	ãƒ‘ãƒ¬ã‚¹ãƒãƒŠ	Palestinian Territories	Google.ps	â—‹	â—‹	â—‹	â—‹ maps.*ä½¿ç”¨ä¸å¯	â—‹
ğŸ‡µğŸ‡¸	ãƒ‘ãƒ¬ã‚¹ãƒãƒŠ	Palestinian Territories	Google.com.ps	Ã—	â–³ è»¢é€ (google.ps),searchä¸å¯,webhpä¸å¯	Ã—	Ã—	Ã—
ğŸ‡µğŸ‡¹	ãƒãƒ«ãƒˆã‚¬ãƒ«	Portugal	Google.pt	â—‹	â—‹	â—‹	â—‹	â—‹
ğŸ‡µğŸ‡¾	ãƒ‘ãƒ©ã‚°ã‚¢ã‚¤	Paraguay	Google.com.py	â—‹	â—‹	â—‹	â—‹	â—‹
ğŸ‡¶ğŸ‡¦	ã‚«ã‚¿ãƒ¼ãƒ«	Qatar	Google.com.qa	â—‹	â—‹	â—‹	â—‹	â—‹
ğŸ‡¶ğŸ‡¦	ã‚«ã‚¿ãƒ¼ãƒ«	Qatar	Google.qa	Ã—	â–³ è»¢é€ (google.com.qa)	Ã—	â—‹ maps.*ä½¿ç”¨ä¸å¯	Ã—
ğŸ‡·ğŸ‡ª	ãƒ¬ãƒ¦ãƒ‹ã‚ªãƒ³ (ä»)	RÃ©union	Google.re	Ã—	â–³ è»¢é€ (google.fr),searchä¸å¯,webhpä¸å¯	Ã—	Ã—	Ã—
ğŸ‡·ğŸ‡´	ãƒ«ãƒ¼ãƒãƒ‹ã‚¢	Romania	Google.ro	â—‹	â—‹	â—‹	â—‹	â—‹
ğŸ‡·ğŸ‡¸	ã‚»ãƒ«ãƒ“ã‚¢	Serbia	Google.rs	Ã—	â—‹	â—‹	â—‹	â—‹
ğŸ‡·ğŸ‡º	ãƒ­ã‚·ã‚¢	Russia	Google.ru	â—‹	â—‹	â—‹	â—‹	â—‹
ğŸ‡·ğŸ‡º	ãƒ­ã‚·ã‚¢	Russia	Google.com.ru	Ã—	â–³ è»¢é€ (google.ru)	Ã—	â—‹	Ã—
ğŸ‡·ğŸ‡¼	ãƒ«ãƒ¯ãƒ³ãƒ€	Rwanda	Google.rw	â—‹	â—‹	â—‹	â—‹	â—‹
ğŸ‡¸ğŸ‡¦	ã‚µã‚¦ã‚¸ã‚¢ãƒ©ãƒ“ã‚¢	Saudi Arabia	Google.com.sa	â—‹	â—‹	â—‹	â—‹	â—‹
ğŸ‡¸ğŸ‡§	ã‚½ãƒ­ãƒ¢ãƒ³è«¸å³¶	Solomon Islands	Google.com.sb	â—‹	â—‹	â—‹	â—‹	â—‹
ğŸ‡¸ğŸ‡¨	ã‚»ãƒ¼ã‚·ã‚§ãƒ«	Seychelles	Google.sc	â—‹	â—‹	â—‹	â—‹	â—‹
ğŸ‡¸ğŸ‡ª	ã‚¹ã‚¦ã‚§ãƒ¼ãƒ‡ãƒ³	Sweden	Google.se	â—‹	â—‹	â—‹	â—‹	â—‹
ğŸ‡¸ğŸ‡¬	ã‚·ãƒ³ã‚¬ãƒãƒ¼ãƒ«	Singapore	Google.com.sg	â—‹	â—‹	â—‹	â—‹	â—‹
ğŸ‡¸ğŸ‡­	ã‚»ãƒ³ãƒˆãƒ˜ãƒ¬ãƒŠ (è‹±)	St. Helena	Google.sh	â—‹	â—‹	â—‹	â—‹	â—‹
ğŸ‡¸ğŸ‡®	ã‚¹ãƒ­ãƒ™ãƒ‹ã‚¢	Slovenia	Google.si	â—‹	â—‹	â—‹	â—‹	â—‹
ğŸ‡¸ğŸ‡°	ã‚¹ãƒ­ãƒã‚­ã‚¢	Slovakia	Google.sk	â—‹	â—‹	â—‹	â—‹	â—‹
ğŸ‡¸ğŸ‡±	ã‚·ã‚¨ãƒ©ãƒ¬ã‚ªãƒ	Sierra Leone	Google.com.sl	â—‹	â—‹	â—‹	â—‹	â—‹
ğŸ‡¸ğŸ‡±	ã‚·ã‚¨ãƒ©ãƒ¬ã‚ªãƒ	Sierra Leone	Google.sl	Ã—	â–³ è»¢é€ (google.com.sl),searchä¸å¯,webhpä¸å¯	Ã—	Ã—	Ã—
ğŸ‡¸ğŸ‡²	ã‚µãƒ³ãƒãƒªãƒ	San Marino	Google.sm	â—‹	â—‹	â—‹	â—‹	â—‹
ğŸ‡¸ğŸ‡³	ã‚»ãƒã‚¬ãƒ«	Senegal	Google.sn	â—‹	â—‹	â—‹	â—‹	â—‹
ğŸ‡¸ğŸ‡´	ã‚½ãƒãƒªã‚¢	Somalia	Google.so	â—‹	â—‹	â—‹	â—‹	â—‹
ğŸ‡¸ğŸ‡·	ã‚¹ãƒªãƒŠãƒ 	Suriname	Google.sr	â—‹	â—‹	â—‹	â—‹ maps.*ä½¿ç”¨ä¸å¯	â—‹
ğŸ‡¸ğŸ‡¹	ã‚µãƒ³ãƒˆãƒ¡ãƒ»ãƒ—ãƒªãƒ³ã‚·ãƒš	SÃ£o TomÃ© & PrÃ­ncipe	Google.st	â—‹	â—‹	â—‹	â—‹	â—‹
ğŸ‡¸ğŸ‡»	ã‚¨ãƒ«ã‚µãƒ«ãƒãƒ‰ãƒ«	El Salvador	Google.com.sv	â—‹	â—‹	â—‹	â—‹	â—‹
ğŸ‡¹ğŸ‡©	ãƒãƒ£ãƒ‰	Chad	Google.td	â—‹	â—‹	â—‹	â—‹	â—‹
ğŸ‡¹ğŸ‡¬	ãƒˆãƒ¼ã‚´	Togo	Google.tg	â—‹	â—‹	â—‹	â—‹	â—‹
ğŸ‡¹ğŸ‡­	ã‚¿ã‚¤	Thailand	Google.co.th	â—‹	â—‹	â—‹	â—‹	â—‹
ğŸ‡¹ğŸ‡¯	ã‚¿ã‚¸ã‚­ã‚¹ã‚¿ãƒ³	Tajikistan	Google.com.tj	â—‹	â—‹	â—‹	â—‹ maps.*ä½¿ç”¨ä¸å¯	â—‹
ğŸ‡¹ğŸ‡°	ãƒˆã‚±ãƒ©ã‚¦	Tokelau	Google.tk	Ã—	â—‹	â—‹	â—‹	â—‹
ğŸ‡¹ğŸ‡±	æ±ãƒ†ã‚£ãƒ¢ãƒ¼ãƒ«	TimorÃ—Leste	Google.tl	â—‹	â—‹	â—‹	â—‹	â—‹
ğŸ‡¹ğŸ‡²	ãƒˆãƒ«ã‚¯ãƒ¡ãƒ‹ã‚¹ã‚¿ãƒ³	Turkmenistan	Google.tm	â—‹	â—‹	â—‹	â—‹ maps.*ä½¿ç”¨ä¸å¯	â—‹
ğŸ‡¹ğŸ‡³	ãƒãƒ¥ãƒ‹ã‚¸ã‚¢	Tunisia	Google.tn	â—‹	â—‹	â—‹	â—‹	â—‹
ğŸ‡¹ğŸ‡³	ãƒãƒ¥ãƒ‹ã‚¸ã‚¢	Tunisia	Google.com.tn	Ã—	â—‹	Ã—	â—‹ maps.*ä½¿ç”¨ä¸å¯	â—‹
ğŸ‡¹ğŸ‡´	ãƒˆãƒ³ã‚¬	Tonga	Google.to	â—‹	â—‹	â—‹	â—‹	â—‹
ğŸ‡¹ğŸ‡·	ãƒˆãƒ«ã‚³	Turkey	Google.com.tr	â—‹	â—‹	â—‹	â—‹	â—‹
ğŸ‡¹ğŸ‡¹	ãƒˆãƒªãƒ‹ãƒ€ãƒ¼ãƒ‰ãƒ»ãƒˆãƒã‚´	Trinidad & Tobago	Google.tt	â—‹	â—‹	â—‹	â—‹	â—‹
ğŸ‡¹ğŸ‡¼	å°æ¹¾	Taiwan	Google.com.tw	â—‹	â—‹	â—‹	â—‹	â—‹
ğŸ‡¹ğŸ‡¿	ã‚¿ãƒ³ã‚¶ãƒ‹ã‚¢	Tanzania	Google.co.tz	â—‹	â—‹	â—‹	â—‹	â—‹
ğŸ‡ºğŸ‡¦	ã‚¦ã‚¯ãƒ©ã‚¤ãƒŠ	Ukraine	Google.com.ua	â—‹	â—‹	â—‹	â—‹	â—‹
ğŸ‡ºğŸ‡¦	ã‚¦ã‚¯ãƒ©ã‚¤ãƒŠ	Ukraine	Google.ua	Ã—	â–³ è»¢é€ (google.com.ua),searchä¸å¯,webhpä¸å¯	Ã—	Ã—	Ã—
ğŸ‡ºğŸ‡¬	ã‚¦ã‚¬ãƒ³ãƒ€	Uganda	Google.co.ug	â—‹	â—‹	â—‹	â—‹	â—‹
ğŸ‡¬ğŸ‡§	ã‚¤ã‚®ãƒªã‚¹	United Kingdom	Google.co.uk	â—‹	â—‹	â—‹	â—‹	â—‹
ğŸ‡ºğŸ‡¸	ã‚¢ãƒ¡ãƒªã‚«	United States	Google.us	Ã—	â–³ è»¢é€ (google.com)	Ã—	â—‹ maps.*ä½¿ç”¨ä¸å¯	Ã—
ğŸ‡ºğŸ‡¾	ã‚¦ãƒ«ã‚°ã‚¢ã‚¤	Uruguay	Google.com.uy	â—‹	â—‹	â—‹	â—‹	â—‹
ğŸ‡ºğŸ‡¿	ã‚¦ã‚ºãƒ™ã‚­ã‚¹ã‚¿ãƒ³	Uzbekistan	Google.co.uz	â—‹	â—‹	â—‹	â—‹ maps.*ä½¿ç”¨ä¸å¯	â—‹
ğŸ‡ºğŸ‡¿	ã‚¦ã‚ºãƒ™ã‚­ã‚¹ã‚¿ãƒ³	Uzbekistan	Google.uz	Ã—	â–³ è»¢é€ (google.uz)	Ã—	â—‹ maps.*ä½¿ç”¨ä¸å¯	Ã—
ğŸ‡»ğŸ‡¨	ã‚»ãƒ³ãƒˆãƒ“ãƒ³ã‚»ãƒ³ãƒˆãƒ»ã‚°ãƒ¬ãƒŠãƒ‡ã‚£ãƒ¼ãƒ³	St. Vincent & Grenadines	Google.com.vc	â—‹	â—‹	â—‹	â—‹	â—‹
ğŸ‡»ğŸ‡ª	ãƒ™ãƒã‚ºã‚¨ãƒ©	Venezuela	Google.co.ve	â—‹	â—‹	â—‹	â—‹	â—‹
ğŸ‡»ğŸ‡ª	ãƒ™ãƒã‚ºã‚¨ãƒ©	Venezuela	Google.com.ve	Ã—	â–³ è»¢é€ (google.co.ve)	Ã—	â—‹ maps.*ä½¿ç”¨ä¸å¯	Ã—
ğŸ‡»ğŸ‡¬	è‹±é ˜ãƒ´ã‚¡ãƒ¼ã‚¸ãƒ³è«¸å³¶	British Virgin Islands	Google.vg	â—‹	â—‹	â—‹	â—‹	â—‹
ğŸ‡»ğŸ‡®	ç±³é ˜ãƒ´ã‚¡ãƒ¼ã‚¸ãƒ³è«¸å³¶	U.S. Virgin Islands	Google.co.vi	â—‹	â—‹	â—‹	â—‹	â—‹
ğŸ‡»ğŸ‡³	ãƒ™ãƒˆãƒŠãƒ 	Vietnam	Google.com.vn	â—‹	â—‹	â—‹	â—‹ maps.*ä½¿ç”¨ä¸å¯	â—‹
ğŸ‡»ğŸ‡³	ãƒ™ãƒˆãƒŠãƒ 	Vietnam	Google.vn	Ã—	â–³ è»¢é€ (google.com.vn),searchä¸å¯,webhpä¸å¯	Ã—	Ã—	Ã—
ğŸ‡»ğŸ‡º	ãƒãƒŒã‚¢ãƒ„	Vanuatu	Google.vu	â—‹	â—‹	â—‹	â—‹	â—‹
ğŸ‡¼ğŸ‡¸	ã‚µãƒ¢ã‚¢	Samoa	Google.ws	â—‹	â—‹	â—‹	â—‹	â—‹
ğŸ‡¿ğŸ‡¦	å—ã‚¢ãƒ•ãƒªã‚«	South Africa	Google.co.za	â—‹	â—‹	â—‹	â—‹	â—‹
ğŸ‡¿ğŸ‡²	ã‚¶ãƒ³ãƒ“ã‚¢	Zambia	Google.co.zm	â—‹	â—‹	â—‹	â—‹	â—‹
ğŸ‡¿ğŸ‡¼	ã‚¸ãƒ³ãƒãƒ–ã‚¨	Zimbabwe	Google.co.zw	â—‹	â—‹	â—‹	â—‹	â—‹
			google.net	Ã—	â–³ è»¢é€ (google.com)	Ã—	â—‹ maps.*ä½¿ç”¨ä¸å¯	â—‹ translate.*ä½¿ç”¨ä¸å¯
			google.info	Ã—	â–³ è»¢é€ (google.com)	Ã—	â—‹ maps.*ä½¿ç”¨ä¸å¯	â—‹ translate.*ä½¿ç”¨ä¸å¯
			withgoogle.com	Ã—	â–³ è»¢é€ (google.com),ãƒ‘ãƒ©ãƒ¡ã‚¿å‰Šé™¤	Ã—	Ã—	Ã—
			googlesyndication.com	Ã—	â–³ è»¢é€ (google.com),webhpä¸å¯,wwwä¸å¯	Ã—	Ã—	Ã—
			gooogle.com	Ã—	â–³ è»¢é€ (google.com),webhpä¸å¯,SSLä¸å¯	Ã—	Ã—	Ã—
			gogle.com	Ã—	â–³ è»¢é€ (google.com),webhpä¸å¯,SSLä¸å¯	Ã—	Ã—	Ã—
			gogole.com	Ã—	â–³ è»¢é€ (google.com),webhpä¸å¯,SSLä¸å¯	Ã—	Ã—	Ã—
			goolge.com	Ã—	â–³ è»¢é€ (google.com),webhpä¸å¯,SSLä¸å¯	Ã—	Ã—	Ã—
			googel.com	Ã—	â–³ è»¢é€ (google.com),webhpä¸å¯,SSLä¸å¯	Ã—	Ã—	Ã—
			googl.com	Ã—	â–³ è»¢é€ (google.com),webhpä¸å¯,SSLä¸å¯	Ã—	Ã—	Ã—